project,model,n,rmse_mps,mae_mps,r2,bias_mps
Bacso,empirical,31,76.69453821865692,65.1337628656694,0.34909023895596447,-39.92962422100378
Bacso,rf,31,82.3360739374919,69.621747293881,0.24980836101292536,-42.10491823939007
Bacso,et,31,83.35454184603945,70.36470197756223,0.2311343688749653,-41.40441068013599
Bacso,base_stack,31,82.22490043921968,69.36566429109706,0.2518328715076139,-41.23848178034435
Bacso,specialist_stack,31,81.48808890022896,68.71908516386605,0.2651813408304412,-40.16553999703323
Balazs Bela u,empirical,55,37.14039413785134,30.265747142097386,0.4252991046757424,19.268606086508033
Balazs Bela u,rf,55,36.84764340724862,30.961368453667724,0.434323297222578,19.326143531844817
Balazs Bela u,et,55,38.09344866362979,31.6862514381396,0.3954260350800368,20.511645178498416
Balazs Bela u,base_stack,55,36.362147978089915,29.867594854396135,0.44913152793413635,19.211137231054252
Balazs Bela u,specialist_stack,55,36.362147978089915,29.867594854396135,0.44913152793413635,19.211137231054252
Budapart,empirical,186,61.046625181676724,39.91683599298859,0.4013293439095157,-2.111008532739237
Budapart,rf,186,63.40808428154734,42.029453975930785,0.3541169072667162,-0.5693034458513786
Budapart,et,186,63.1792545974001,42.09525135729501,0.35877027402423944,0.2631145545711323
Budapart,base_stack,186,62.728832425646615,41.62010637241269,0.36788068644306104,-0.12540044684441357
Budapart,specialist_stack,186,59.98535637470786,40.54071182702961,0.4219636655034623,0.953994098538669
Dunaterasz,empirical,43,42.726562953642116,32.02225246966167,0.7720186360572173,-7.822083686427816
Dunaterasz,rf,43,55.527971732896475,40.95078577776069,0.614941201352923,14.438950612518294
Dunaterasz,et,43,53.504744593643416,38.96250270871855,0.642490142079047,10.903192688545994
Dunaterasz,base_stack,43,42.86185019125834,33.475751653177646,0.7705726129450245,5.765510127260051
Dunaterasz,specialist_stack,43,43.337756860259674,33.70836683018139,0.7654495403768845,5.4168342243949095
Dévai 14,empirical,18,138.29526697697625,115.108135789264,0.20120087562849953,-99.20173246484475
Dévai 14,rf,18,129.33367590734065,110.78281189597479,0.3013716767851997,-97.63910038617406
Dévai 14,et,18,137.19746858661236,117.52042588178409,0.21383239775544682,-103.90823276217779
Dévai 14,base_stack,18,137.28089897981673,117.20248859079285,0.2128759629797271,-103.25738480675126
Dévai 14,specialist_stack,18,126.85565585317221,109.68474153589844,0.327886504139145,-95.73963775185683
Futo u,empirical,31,69.0329923201142,55.48557904579834,0.20547174301682225,-6.067423716574395
Futo u,rf,31,65.23670934841267,52.411409012736705,0.2904548393625741,-8.298191333354264
Futo u,et,31,65.32504221971446,52.46479494965113,0.28853203869153987,-9.840366776871255
Futo u,base_stack,31,66.4780674705254,53.15402566345713,0.26319473337205945,-7.317932503463932
Futo u,specialist_stack,31,66.73329421965546,53.17695973605908,0.257526295302254,-6.65881493552218
Galeria,empirical,108,56.83390571028918,40.6496201112515,-0.002392739589804682,-3.9625265586442744
Galeria,rf,108,56.34583392487484,38.498226740757495,0.014749805505647529,-6.52911505662942
Galeria,et,108,56.13207943749116,38.779773632269126,0.022210949113796397,-7.437678498124935
Galeria,base_stack,108,55.28029146993034,38.79233230318204,0.051661120377824554,-5.486915283236041
Galeria,specialist_stack,108,55.939019653055084,39.24087859177495,0.028925366823071563,-5.038368994643127
H6-H7,empirical,97,38.96959118139529,31.652259041874046,0.7792467752981002,-17.311238381320806
H6-H7,rf,97,57.195898535629475,39.935309023143176,0.5244621050783506,-2.8686723434052745
H6-H7,et,97,55.795328600125295,40.67990181832539,0.5474661857389603,-9.326515604491522
H6-H7,base_stack,97,46.177550722891496,35.51665105177672,0.6900317974726385,-8.41039432184684
H6-H7,specialist_stack,97,48.342129766464666,36.62369371240139,0.660291106715936,-8.427267874512852
Hungaria krt,empirical,64,79.98382127648279,62.79744739688297,0.05993972153188898,-6.417804125501636
Hungaria krt,rf,64,80.86905161596748,64.0425954393067,0.039016116356558106,3.911739192615754
Hungaria krt,et,64,79.98070164502873,62.31421239223171,0.06001305097215026,-0.9217965949402154
Hungaria krt,base_stack,64,80.01140955055371,63.5604636209641,0.0592911125276937,0.13770378136605066
Hungaria krt,specialist_stack,64,80.25154808907558,63.598506071900914,0.053635932682196685,0.7432440527571669
Lang,empirical,164,45.24548616790241,36.880639629343776,0.005494688994924224,17.157140802204665
Lang,rf,164,55.26155512572487,39.28603100809373,-0.483552067508902,30.605560707684106
Lang,et,164,50.97893521323109,37.13202223725299,-0.26251954149526324,28.577879865887354
Lang,base_stack,164,48.97683206409997,37.010087310589476,-0.16530059860104718,23.60732671380351
Lang,specialist_stack,164,51.345079592349386,38.33392317162466,-0.2807201761396747,24.931162574838694
Marina,empirical,30,27.624662135673674,21.64781076448481,0.7646464659274251,4.136963453143081
Marina,rf,30,43.30079283812756,31.494242656058077,0.42174623298691805,21.820784871163347
Marina,et,30,39.036505852482264,26.815976723041945,0.5300316101350776,20.712132789493694
Marina,base_stack,30,33.69755449962456,25.592281298671733,0.6497940320994773,12.6908311154087
Marina,specialist_stack,30,36.59946935458837,26.72409767015356,0.586879875590927,13.822647486890528
Paskal,empirical,21,39.96517505543144,37.0812074142698,-0.5145526645041627,18.74760821868719
Paskal,rf,21,37.892644315165455,31.509496282255277,-0.36154113482675276,15.175662047643998
Paskal,et,21,38.07765609738701,33.42379956230685,-0.3748691098635275,17.15158361840993
Paskal,base_stack,21,38.053239600828505,33.21876935357095,-0.37310646334244746,16.321271209708843
Paskal,specialist_stack,21,38.51570526863828,34.90085313298194,-0.40668432999559956,20.178544975372013
Puskas,empirical,389,60.13094089970291,47.74181578024894,0.6553671220273567,-38.50778186721319
Puskas,rf,389,56.589395493463705,44.05242462689379,0.6947674695579928,-11.62622689411675
Puskas,et,389,55.252961443996085,42.618442377343825,0.7090141784542042,-17.43472672025746
Puskas,base_stack,389,55.01554995002326,43.54260244703529,0.7115094278573149,-30.049309889452804
Puskas,specialist_stack,389,53.54529344468108,42.37394190641097,0.7267228538455283,-28.273356316108167
River,empirical,39,136.66665263324543,88.39808541109988,0.4334241966777568,-68.71298059950125
River,rf,39,126.89546086316018,85.95283940963242,0.5115444111182077,-56.520939381058724
River,et,39,127.33230919827834,86.71087341155898,0.5081755230524148,-55.93040958669552
River,base_stack,39,131.57571948804537,87.04732669616354,0.47484873560801244,-62.79354835853231
River,specialist_stack,39,129.17855417239764,85.92433658188193,0.4938097832214695,-61.670558244250714
Tömő u. 23,empirical,28,52.1864265263301,43.068403463550524,0.5519468992704892,13.989736637266784
Tömő u. 23,rf,28,55.41177999861792,45.47807074797719,0.4948520780563471,11.364779771082123
Tömő u. 23,et,28,54.2747087045317,44.22403996344957,0.5153710311139958,9.550089335799806
Tömő u. 23,base_stack,28,53.44830959236378,44.13863655984552,0.5300168184461294,12.599200482471346
Tömő u. 23,specialist_stack,28,53.44830959236378,44.13863655984552,0.5300168184461294,12.599200482471346
